{
  "os": "Windows-11-10.0.26100-SP0",
  "python": "3.13.4",
  "opencv": "4.13.0",
  "backend": "dshow",
  "left_camera_index": 0,
  "right_camera_index": 1,
  "image_size": {
    "width": 1920,
    "height": 1080
  },
  "resolution": {
    "width": 1920,
    "height": 1080
  },
  "requested_resolution": {
    "width": 1920,
    "height": 1080
  },
  "requested_fps": 30,
  "left_actual_fps": 30.00003000003,
  "right_actual_fps": 30.00003000003,
  "left_actual_resolution": {
    "width": 1920,
    "height": 1080
  },
  "right_actual_resolution": {
    "width": 1920,
    "height": 1080
  },
  "chessboard_inner_corners": {
    "cols": 7,
    "rows": 6
  },
  "square_size_mm": 22.8125,
  "workflow": "full_calibrate_v2_single_capture_set",
  "calibration_logical_cpu_budget": 16,
  "mono_parallel_jobs": 2,
  "mono_threads_per_job": 8,
  "number_of_captured_pairs": 41,
  "mono_rejected_sample_indices": [
    2,
    3,
    4,
    5,
    6,
    7,
    8,
    9,
    10,
    11,
    13,
    14,
    18,
    19,
    20,
    21,
    22,
    23,
    24,
    25,
    26,
    30,
    31,
    35,
    36,
    37
  ],
  "number_of_pairs_after_mono_filtering": 15,
  "timestamp": "2026-07-22T17:05:10",
  "calibration_mode": "stereo_fixed_intrinsics",
  "rms_reprojection_error": 0.3416889020485211,
  "number_of_pairs": 15,
  "flags": 256,
  "left_camera_matrix": [
    [
      1370.0510833153076,
      0.0,
      980.6752423572567
    ],
    [
      0.0,
      1369.4537284848093,
      548.1717022959577
    ],
    [
      0.0,
      0.0,
      1.0
    ]
  ],
  "left_distortion_coefficients": [
    [
      -0.06398546822899931,
      1.2707749269765047,
      -0.005138385755047654,
      -0.006569083885026493,
      -7.972049858362003
    ]
  ],
  "right_camera_matrix": [
    [
      1325.897152412509,
      0.0,
      984.6581957144425
    ],
    [
      0.0,
      1326.1769533092092,
      555.2433746207504
    ],
    [
      0.0,
      0.0,
      1.0
    ]
  ],
  "right_distortion_coefficients": [
    [
      -0.01112748901683213,
      0.3533651880214635,
      -0.00044756790400209866,
      -0.006959988307598281,
      -4.160650918629713
    ]
  ],
  "rotation": [
    [
      0.9999508581604204,
      -0.005602851827582085,
      -0.008178588853650614
    ],
    [
      0.00542375171344874,
      0.9997485333274794,
      -0.021758975777930203
    ],
    [
      0.00829844452832938,
      0.021713547866524522,
      0.9997297923226347
    ]
  ],
  "translation_mm": [
    [
      131.9427040413322
    ],
    [
      -0.2476166514185311
    ],
    [
      -61.28475055942242
    ]
  ],
  "essential_matrix": [
    [
      0.3303384378088587,
      61.26396285110986,
      -1.5810431464772412
    ],
    [
      -62.37665812444653,
      -2.521574843165373,
      -131.40582933190387
    ],
    [
      0.9632289502020055,
      131.9081374891756,
      -2.872963256095231
    ]
  ],
  "fundamental_matrix": [
    [
      -2.0181306479353334e-07,
      -3.7444208120903055e-05,
      0.022047105974500148
    ],
    [
      3.8099618944092006e-05,
      1.5408479658792797e-06,
      0.0717558436242922
    ],
    [
      -0.021736086478949507,
      -0.07088168513854769,
      1.0
    ]
  ],
  "rectification_left": [
    [
      0.9033907644312286,
      -0.015930032803669194,
      -0.42852229906416117
    ],
    [
      0.011524869980436468,
      0.9998507257009536,
      -0.012872594424230176
    ],
    [
      0.4286633925497889,
      0.0066903191366862996,
      0.9034395029649495
    ]
  ],
  "rectification_right": [
    [
      0.9069403314592783,
      -0.0017020533991937078,
      -0.4212556684327944
    ],
    [
      0.006027567818599213,
      0.9999418990695239,
      0.008936828935719737
    ],
    [
      0.42121598212642203,
      -0.01064431770760454,
      0.9068978966244289
    ]
  ],
  "projection_left": [
    [
      1672.0900071598971,
      0.0,
      2072.9939002990723,
      0.0
    ],
    [
      0.0,
      1672.0900071598971,
      561.1615829467773,
      0.0
    ],
    [
      0.0,
      0.0,
      1.0,
      0.0
    ]
  ],
  "projection_right": [
    [
      1672.0900071598971,
      0.0,
      2072.9939002990723,
      243257.5432941513
    ],
    [
      0.0,
      1672.0900071598971,
      561.1615829467773,
      0.0
    ],
    [
      0.0,
      0.0,
      1.0,
      0.0
    ]
  ],
  "q_matrix": [
    [
      1.0,
      0.0,
      0.0,
      -2072.9939002990723
    ],
    [
      0.0,
      1.0,
      0.0,
      -561.1615829467773
    ],
    [
      0.0,
      0.0,
      0.0,
      1672.0900071598971
    ],
    [
      0.0,
      0.0,
      -0.00687374370601933,
      0.0
    ]
  ],
  "baseline_mm": 145.48112975528912,
  "expected_baseline_mm": 120.0,
  "baseline_error_mm": 25.481129755289118,
  "symmetric_epipolar_error_per_pair_px": [
    0.8995973860517648,
    0.47910054508388655,
    0.801710372483099,
    0.7770290544740308,
    0.4824375025982833,
    0.7000474814637839,
    0.13106127696421196,
    0.23781431899948294,
    0.42367971406030225,
    0.5168529445803104,
    0.8209741728664901,
    0.8921799097292066,
    0.3208398903247588,
    0.2995478888062287,
    1.5770298106455085
  ],
  "symmetric_epipolar_error_median_px": 0.5168529445803104,
  "symmetric_epipolar_error_max_px": 1.5770298106455085,
  "rectified_vertical_error_median_px": 0.3505859375,
  "rectified_vertical_error_p95_px": 1.3357055664062498,
  "rectified_vertical_error_max_px": 1.89385986328125,
  "roi_left": [
    0,
    0,
    1920,
    1080
  ],
  "roi_right": [
    0,
    0,
    1920,
    1080
  ]
}