{
  "os": "Windows-11-10.0.26100-SP0",
  "python": "3.13.4",
  "opencv": "4.13.0",
  "backend": "dshow",
  "left_camera_index": 0,
  "right_camera_index": 1,
  "image_size": {
    "width": 1920,
    "height": 1080
  },
  "resolution": {
    "width": 1920,
    "height": 1080
  },
  "requested_resolution": {
    "width": 1920,
    "height": 1080
  },
  "requested_fps": 30,
  "left_actual_fps": 30.00003000003,
  "right_actual_fps": 30.00003000003,
  "left_actual_resolution": {
    "width": 1920,
    "height": 1080
  },
  "right_actual_resolution": {
    "width": 1920,
    "height": 1080
  },
  "chessboard_inner_corners": {
    "cols": 7,
    "rows": 6
  },
  "square_size_mm": 22.8125,
  "workflow": "full_calibrate_v2_single_capture_set",
  "number_of_captured_pairs": 27,
  "mono_rejected_sample_indices": [
    7,
    8,
    20,
    21,
    22
  ],
  "number_of_pairs_after_mono_filtering": 22,
  "timestamp": "2026-07-16T11:57:53",
  "calibration_mode": "stereo_fixed_intrinsics",
  "rms_reprojection_error": 0.22647423583052317,
  "number_of_pairs": 22,
  "flags": 256,
  "left_camera_matrix": [
    [
      1339.2615845329008,
      0.0,
      1025.3740394083325
    ],
    [
      0.0,
      1322.820571822112,
      562.6926884804344
    ],
    [
      0.0,
      0.0,
      1.0
    ]
  ],
  "left_distortion_coefficients": [
    [
      -0.06765138352619558,
      0.2414515913460496,
      -0.00023574676558070756,
      0.010449327624057928,
      -0.40114701442904055
    ]
  ],
  "right_camera_matrix": [
    [
      1348.4222763187113,
      0.0,
      1022.220964420741
    ],
    [
      0.0,
      1331.1454323361936,
      581.6859072291631
    ],
    [
      0.0,
      0.0,
      1.0
    ]
  ],
  "right_distortion_coefficients": [
    [
      -0.0649058043159082,
      0.05252735130897944,
      -0.00040862926938788166,
      0.0047891956760643195,
      -0.03838089355169035
    ]
  ],
  "rotation": [
    [
      0.9999702294746191,
      0.003062131342432636,
      0.007082620709832451
    ],
    [
      -0.003085165235823341,
      0.9999899805683251,
      0.003243534866214323
    ],
    [
      -0.007072617616224063,
      -0.0032652893596697616,
      0.9999696575223932
    ]
  ],
  "translation_mm": [
    [
      -123.81815172361868
    ],
    [
      1.6463340885671893
    ],
    [
      1.266953773506515
    ]
  ],
  "essential_matrix": [
    [
      -0.007735129739572992,
      -1.2723168365316062,
      1.6421747259737234
    ],
    [
      0.3911976145382752,
      -0.40042251449784066,
      123.82336812715732
    ],
    [
      -1.264285619074812,
      -123.8219524273201,
      -0.4132688520967614
    ]
  ],
  "fundamental_matrix": [
    [
      1.7226228000889453e-09,
      2.868681511201791e-07,
      -0.0006529720683232815
    ],
    [
      -8.825091132847317e-08,
      9.145468557515885e-08,
      -0.037371256466015766
    ],
    [
      0.0004292324152982956,
      0.0372988476700814,
      1.0
    ]
  ],
  "rectification_left": [
    [
      0.9999428909370539,
      -0.01019927555309632,
      -0.0031921219649576
    ],
    [
      0.010204505909343827,
      0.9999466097810102,
      0.0016265443769138896
    ],
    [
      0.0031753619625673715,
      -0.0016590255139434533,
      0.9999935823347821
    ]
  ],
  "rectification_right": [
    [
      0.9998592820013614,
      -0.013294516165965064,
      -0.010230935227776693
    ],
    [
      0.013277690167295846,
      0.9999103840507929,
      -0.0017107925698821719
    ],
    [
      0.010252762532281898,
      0.0015747086424995479,
      0.999946199129307
    ]
  ],
  "projection_left": [
    [
      1369.3452084702367,
      0.0,
      1039.2911376953125,
      0.0
    ],
    [
      0.0,
      1369.3452084702367,
      574.9959259033203,
      0.0
    ],
    [
      0.0,
      0.0,
      1.0,
      0.0
    ]
  ],
  "projection_right": [
    [
      1369.3452084702367,
      0.0,
      1039.2911376953125,
      -169573.6548497103
    ],
    [
      0.0,
      1369.3452084702367,
      574.9959259033203,
      0.0
    ],
    [
      0.0,
      0.0,
      1.0,
      0.0
    ]
  ],
  "q_matrix": [
    [
      1.0,
      0.0,
      0.0,
      -1039.2911376953125
    ],
    [
      0.0,
      1.0,
      0.0,
      -574.9959259033203
    ],
    [
      0.0,
      0.0,
      0.0,
      1369.3452084702367
    ],
    [
      0.0,
      0.0,
      0.008075223770366097,
      -0.0
    ]
  ],
  "baseline_mm": 123.83557761826137,
  "expected_baseline_mm": 120.0,
  "baseline_error_mm": 3.835577618261368,
  "symmetric_epipolar_error_per_pair_px": [
    0.37506448538710585,
    0.9762077655273941,
    0.34973187823157625,
    0.7222933444536176,
    0.14385924476550394,
    0.10368650770563316,
    0.11145906352406511,
    0.6968732613929577,
    0.745642909960678,
    0.36854440100783664,
    0.3866590668536453,
    0.1096219274040929,
    0.07738389656098843,
    0.1912517714204199,
    0.12399369326289457,
    0.5156403194183462,
    0.5171375182013249,
    0.4902091239822089,
    0.1523513234096718,
    0.3093798821349641,
    0.18620756326067053,
    0.3330124843966262
  ],
  "symmetric_epipolar_error_median_px": 0.3413721813141012,
  "symmetric_epipolar_error_max_px": 0.9762077655273941,
  "rectified_vertical_error_median_px": 0.1065673828125,
  "rectified_vertical_error_p95_px": 0.6059112548828123,
  "rectified_vertical_error_max_px": 1.1759033203125,
  "roi_left": [
    0,
    0,
    1920,
    1080
  ],
  "roi_right": [
    0,
    0,
    1920,
    1080
  ]
}